{
  "ncols": 1000,
  "nrows": 1000,
  "cellsize_m": 0.5,
  "utm_zone": 32,
  "utm_xmin": 680000.25,
  "utm_xmax": 680499.75,
  "utm_ymin": 4851500.25,
  "utm_ymax": 4851999.75,
  "wgs84_lon_min": 11.237390238624315,
  "wgs84_lon_max": 11.243762532814408,
  "wgs84_lat_min": 43.79466657621915,
  "wgs84_lat_max": 43.79903885353732,
  "elev_min": 47.86800003051758,
  "elev_max": 93.05400085449219,
  "elev_mean": 59.09825134277344,
  "width_m": 499.5,
  "height_m": 499.5
}